Experiment,Metric,Compute Time (s),Communication Time (s),Total Time (s),Compute Energy (J),Communication Energy (J),Total Energy (J),Accuracy Loss (%),SRAM Wait Time (s)
2,Performance,0.07947295769980511,0.034059839014202196,0.11353279671400732,1.35598903144,0.33899725786,1.6949862892999998,3.6919234184303242,0.011353279671400733
2,Energy,0.08193503450292401,0.035115014786967436,0.11705004928989146,1.35597231096,0.33899307774,1.6949653886999998,3.7673454879607666,0.011705004928989148
2,Accuracy,0.14812043391812857,0.06348018596491224,0.21160061988304082,1.35615869216,0.33903967304,1.6951983651999998,0.06692678931014082,0.021160061988304085
4,Performance,0.08165986413255365,0.03499708462823728,0.11665694876079094,1.35597301624,0.33899325406,1.6949662703000001,3.7452332803792747,0.011665694876079095
4,Energy,0.10338646959064322,0.04430848696741852,0.14769495655806175,1.3559586330400002,0.33898965826000005,1.6949482913000002,3.713206832483534,0.014769495655806176
4,Accuracy,0.09190705419103316,0.039388737510442785,0.13129579170147596,1.35603014784,0.33900753696,1.6950376848,0.33672441344706294,0.013129579170147596
5,Performance,0.08275737699805072,0.03546744728487888,0.1182248242829296,1.35600932808,0.33900233202,1.6950116601,3.2436753098045448,0.01182248242829296
5,Energy,0.10655013547758276,0.0456643437761069,0.15221447925368967,1.35598554152,0.33899638538,1.6949819269,3.2261699212096793,0.015221447925368968
5,Accuracy,0.10172093957115005,0.04359468838763574,0.1453156279587858,1.35608355192,0.33902088798,1.6951044399,0.11913399837011339,0.014531562795878581
6,Performance,0.07934857387914236,0.034006531662489584,0.11335510554163195,1.3559742993600001,0.33899357484000003,1.6949678742,3.731959706545357,0.011335510554163195
6,Energy,0.08336147894736848,0.035726348120300774,0.11908782706766925,1.3559624613599999,0.33899061533999997,1.6949530766999998,3.7453864166307964,0.011908782706766926
6,Accuracy,0.11356907816764128,0.048672462071846265,0.16224154023948756,1.35607326472,0.33901831618,1.6950915808999998,0.12003113116053783,0.016224154023948757
8,Performance,0.0811787391812866,0.034790888220551396,0.115969627401838,1.3559883869599998,0.33899709673999995,1.6949854836999996,3.723484294669681,0.0115969627401838
8,Energy,0.10752612729044829,0.046082625981620697,0.153608753272069,1.3559761128799999,0.33899402821999997,1.6949701410999998,3.6853817590714892,0.0153608753272069
8,Accuracy,0.12866416218323581,0.05514178379281535,0.18380594597605115,1.35611248136,0.33902812034,1.6951406017,0.06700694107402708,0.018380594597605115
10,Performance,0.0792608346978558,0.03396892915622392,0.11322976385407972,1.3559830273600002,0.33899575684000005,1.6949787842000001,3.6706294394280663,0.011322976385407973
10,Energy,0.08294664619883046,0.03554856265664163,0.1184952088554721,1.3559610976,0.3389902744,1.694951372,3.6929522695236265,0.01184952088554721
10,Accuracy,0.11592443274853798,0.04968189974937342,0.1656063324979114,1.35605667192,0.33901416798,1.6950708398999998,0.1264848342427287,0.01656063324979114
11,Performance,0.08139089746588697,0.034881813199665844,0.11627271066555282,1.3559807819199998,0.33899519547999996,1.6949759773999997,3.696957003810695,0.011627271066555284
11,Energy,0.09030745360623782,0.038703194402673356,0.12901064800891118,1.3559672003999999,0.33899180009999996,1.6949590004999997,3.693203251467147,0.01290106480089112
11,Accuracy,0.15980742300194925,0.06848889557226397,0.22829631857421323,1.3560976296000002,0.33902440740000006,1.6951220370000002,0.06681517633537888,0.022829631857421324
12,Performance,0.08106785360623785,0.034743365831244793,0.11581121943748265,1.35598739968,0.33899684992,1.6949842495999998,3.667924140941686,0.011581121943748267
12,Energy,0.1092830489278752,0.0468355923976608,0.15611864132553602,1.35596687464,0.33899171866,1.6949585933,3.7171061678156168,0.015611864132553603
12,Accuracy,0.09476654522417154,0.04061423366750209,0.13538077889167363,1.3560642245599999,0.33901605613999997,1.6950802806999996,0.22377569259253066,0.013538077889167364
14,Performance,0.08071477387914233,0.03459204594820386,0.1153068198273462,1.35598502144,0.33899625536,1.6949812767999999,3.728419505397984,0.01153068198273462
14,Energy,0.08655836608187138,0.03709644260651631,0.1236548086883877,1.3559705973599998,0.33899264933999995,1.6949632466999998,3.7275126789895237,0.01236548086883877
14,Accuracy,0.1268116789473684,0.054347862406015024,0.1811595413533834,1.3560584630399999,0.33901461575999997,1.6950730787999997,0.12040349321349217,0.01811595413533834
16,Performance,0.07935073840155948,0.03400745931495407,0.11335819771651356,1.35598064248,0.33899516062,1.6949758031,3.7061584373852106,0.011335819771651358
16,Energy,0.09379944912280705,0.04019976390977445,0.1339992130325815,1.355966796,0.338991699,1.6949584949999998,3.708479989424574,0.01339992130325815
16,Accuracy,0.1134644376218323,0.048627616123642414,0.16209205374547472,1.356088608,0.339022152,1.69511076,0.11173175950958435,0.016209205374547474
17,Performance,0.07938885964912284,0.034023796992481224,0.11341265664160408,1.35598018144,0.33899504536,1.6949752268,3.7818902137466663,0.011341265664160409
17,Energy,0.10267115477582839,0.044001923475355025,0.14667307825118342,1.3559589172799997,0.33898972931999993,1.6949486465999997,3.7641813472109407,0.014667307825118343
17,Accuracy,0.0992542169590643,0.042537521553884704,0.14179173851294902,1.3560861746399997,0.3390215436599999,1.6951077182999996,0.11460273374989896,0.014179173851294902
18,Performance,0.08543742846003903,0.036616040768588154,0.12205346922862718,1.3559730616,0.3389932654,1.694966327,3.6745605724756154,0.01220534692286272
18,Energy,0.107188068031189,0.04593774344193814,0.15312581147312715,1.355962442,0.3389906105,1.6949530525,3.6745605724756154,0.015312581147312716
18,Accuracy,0.09680656900584793,0.041488529573934826,0.13829509857978275,1.3560523261600002,0.33901308154000004,1.6950654077,0.14104373914552867,0.013829509857978275
19,Performance,0.08426458245614041,0.03611339248120303,0.12037797493734344,1.3559787052,0.3389946763,1.6949733815,3.758252189236281,0.012037797493734344
19,Energy,0.08587472358674468,0.036803452965747725,0.12267817655249241,1.3559714191200003,0.3389928547800001,1.6949642739000002,3.764588619736292,0.012267817655249242
19,Accuracy,0.12526371345029236,0.053684448621553874,0.17894816207184625,1.3561021563199998,0.33902553907999994,1.6951276953999996,0.06824581095091986,0.017894816207184625
20,Performance,0.08277777914230024,0.03547619106098582,0.11825397020328605,1.35604318592,0.33901079648,1.6950539824,3.7190716770761947,0.011825397020328606
20,Energy,0.10321311715399606,0.044234193065998316,0.14744731021999438,1.35598093328,0.33899523332,1.6949761665999998,3.265779094574389,0.01474473102199944
20,Accuracy,0.13387969999999993,0.05737701428571426,0.19125671428571422,1.3560610111999998,0.33901525279999994,1.6950762639999997,0.12125982981227437,0.019125671428571425
21,Performance,0.08189467153996106,0.035097716374269027,0.1169923879142301,1.35599783784,0.33899945946,1.6949972972999998,3.718323124256548,0.011699238791423011
21,Energy,0.09892961715399606,0.042398407351712596,0.14132802450570867,1.35597229664,0.33899307416,1.6949653707999999,3.75048412773972,0.014132802450570867
21,Accuracy,0.15979360545808963,0.0684829737677527,0.22827657922584232,1.3560951038400002,0.33902377596000005,1.6951188798,0.11267645831080447,0.022827657922584232
22,Performance,0.08028011988304098,0.03440576566416042,0.11468588554720141,1.35598489544,0.33899622386,1.6949811193,3.7031828241307587,0.011468588554720141
22,Energy,0.08245235867446399,0.03533672514619885,0.11778908382066285,1.3559618740800001,0.33899046852000003,1.6949523426,3.7179062478111327,0.011778908382066286
22,Accuracy,0.15379472690058474,0.06591202581453633,0.21970675271512108,1.35605271856,0.33901317964,1.6950658981999998,0.12007807718803809,0.02197067527151211
23,Performance,0.08610272690058482,0.03690116867167921,0.12300389557226404,1.35603033352,0.33900758338,1.6950379168999998,1.3822367881676145,0.012300389557226406
23,Energy,0.088062362962963,0.037741012698412714,0.12580337566137573,1.35598150608,0.33899537652,1.6949768826,3.7448771017922606,0.012580337566137573
23,Accuracy,0.1215966785575048,0.05211286223893063,0.17370954079643544,1.35606645592,0.33901661398,1.6950830699,0.12173634265024881,0.017370954079643546
24,Performance,0.08108136081871348,0.03474915463659149,0.11583051545530498,1.35600852576,0.33900213144,1.6950106571999999,3.727603451364346,0.0115830515455305
24,Energy,0.08170960350877196,0.035018401503759414,0.11672800501253137,1.3559692286400002,0.33899230716000006,1.6949615358,3.7134891653105293,0.011672800501253138
24,Accuracy,0.10785067251461984,0.04622171679197993,0.15407238930659978,1.35614332208,0.33903583052,1.6951791526,0.06053707134887611,0.015407238930659978
1,Performance,0.07841697543859653,0.033607275187969944,0.11202425062656649,1.35596672384,0.33899168096,1.6949584048,3.292282175026922,0.01120242506265665
1,Energy,0.10125717777777772,0.04339593333333331,0.14465311111111104,1.35595612664,0.33898903166,1.6949451583,3.292282175026922,0.014465311111111104
1,Accuracy,0.17342610428849897,0.07432547326649956,0.24775157755499855,1.35603673496,0.33900918374,1.6950459187,0.1263704269202253,0.024775157755499856
1,Performance,0.08019025009746594,0.03436725004177112,0.11455750013923707,1.3559701085600002,0.33899252714000006,1.6949626357,3.292282175026922,0.011455750013923708
1,Energy,0.08676831773879148,0.037186421888053496,0.12395473962684499,1.355960948,0.338990237,1.694951185,3.292282175026922,0.012395473962684499
1,Accuracy,0.15302143625730988,0.0655806155388471,0.218602051796157,1.35605762456,0.33901440614,1.6950720307,0.11306827671809631,0.0218602051796157
1,Performance,0.08484556120857704,0.036362383375104446,0.12120794458368149,1.35606558736,0.33901639684,1.6950819842,3.4759728862654273,0.01212079445836815
1,Energy,0.1118705647173489,0.047944527736006666,0.15981509245335557,1.3559764693599998,0.33899411733999996,1.6949705866999998,3.686833685953665,0.01598150924533556
1,Accuracy,0.19948086315789468,0.08549179849624057,0.28497266165413526,1.3560648876,0.3390162219,1.6950811095,0.11179867976023752,0.028497266165413527
1,Performance,0.11287002283486502,0.0009081126000000004,45.373634339461944
1,Energy,0.11909449317738799,0.0008275345000000004,31.38642340192332
1,Accuracy,0.17837880646059587,0.0009787062,0.19953225303193464
1,Performance,0.08019025009746594,0.03436725004177112,0.11455750013923707,1.3559701085600002,0.33899252714000006,1.6949626357,3.292282175026922,0.011455750013923708
1,Energy,0.08676831773879148,0.037186421888053496,0.12395473962684499,1.355960948,0.338990237,1.694951185,3.292282175026922,0.012395473962684499
1,Accuracy,0.15302143625730988,0.0655806155388471,0.218602051796157,1.35605762456,0.33901440614,1.6950720307,0.11306827671809631,0.0218602051796157
1,Performance,0.08019025009746594,0.03436725004177112,0.11455750013923707,1.3559701085600002,0.33899252714000006,1.6949626357,3.292282175026922,0.011455750013923708
1,Energy,0.08676831773879148,0.037186421888053496,0.12395473962684499,1.355960948,0.338990237,1.694951185,3.292282175026922,0.012395473962684499
1,Accuracy,0.15302143625730988,0.0655806155388471,0.218602051796157,1.35605762456,0.33901440614,1.6950720307,0.11306827671809631,0.0218602051796157
1,Performance,0.08019025009746594,0.03436725004177112,0.11455750013923707,1.3559701085600002,0.33899252714000006,1.6949626357,3.292282175026922,0.011455750013923708
1,Energy,0.08676831773879148,0.037186421888053496,0.12395473962684499,1.355960948,0.338990237,1.694951185,3.292282175026922,0.012395473962684499
1,Accuracy,0.15302143625730988,0.0655806155388471,0.218602051796157,1.35605762456,0.33901440614,1.6950720307,0.11306827671809631,0.0218602051796157
3,Performance,0.08019025009746594,0.03436725004177112,0.11455750013923707,1.3559701085600002,0.33899252714000006,1.6949626357,3.292282175026922,0.011455750013923708
3,Energy,0.08676831773879148,0.037186421888053496,0.12395473962684499,1.355960948,0.338990237,1.694951185,3.292282175026922,0.012395473962684499
3,Accuracy,0.15302143625730988,0.0655806155388471,0.218602051796157,1.35605762456,0.33901440614,1.6950720307,0.11306827671809631,0.0218602051796157
4,Performance,0.08019025009746594,0.03436725004177112,0.11455750013923707,1.3559701085600002,0.33899252714000006,1.6949626357,3.292282175026922,0.011455750013923708
4,Energy,0.08676831773879148,0.037186421888053496,0.12395473962684499,1.355960948,0.338990237,1.694951185,3.292282175026922,0.012395473962684499
4,Accuracy,0.15302143625730988,0.0655806155388471,0.218602051796157,1.35605762456,0.33901440614,1.6950720307,0.11306827671809631,0.0218602051796157
5,Performance,0.08019025009746594,0.03436725004177112,0.11455750013923707,1.3559701085600002,0.33899252714000006,1.6949626357,3.292282175026922,0.011455750013923708
5,Energy,0.08676831773879148,0.037186421888053496,0.12395473962684499,1.355960948,0.338990237,1.694951185,3.292282175026922,0.012395473962684499
5,Accuracy,0.15302143625730988,0.0655806155388471,0.218602051796157,1.35605762456,0.33901440614,1.6950720307,0.11306827671809631,0.0218602051796157
1,Performance,0.08019025009746594,0.03436725004177112,0.11455750013923707,1.3559701085600002,0.33899252714000006,1.6949626357,3.292282175026922,0.011455750013923708
1,Energy,0.08676831773879148,0.037186421888053496,0.12395473962684499,1.355960948,0.338990237,1.694951185,3.292282175026922,0.012395473962684499
1,Accuracy,0.15302143625730988,0.0655806155388471,0.218602051796157,1.35605762456,0.33901440614,1.6950720307,0.11306827671809631,0.0218602051796157
1,Performance,0.08103422222222227,0.0347289523809524,0.11576317460317467,1.35596985072,0.33899246268,1.6949623133999998,3.292282175026922,0.011576317460317467
1,Energy,0.0892016105263158,0.038229261654135344,0.12743087218045115,1.3559607052000002,0.33899017630000006,1.6949508815000003,3.292282175026922,0.012743087218045117
1,Accuracy,0.12799433625730988,0.0548547155388471,0.18284905179615699,1.35610304216,0.33902576054,1.6951288027,0.0598596759095804,0.018284905179615698
1,Performance,0.08103422222222227,0.0347289523809524,0.11576317460317467,1.35596985072,0.33899246268,1.6949623133999998,3.292282175026922,0.011576317460317467
1,Energy,0.0892016105263158,0.038229261654135344,0.12743087218045115,1.3559607052000002,0.33899017630000006,1.6949508815000003,3.292282175026922,0.012743087218045117
1,Accuracy,0.12799433625730988,0.0548547155388471,0.18284905179615699,1.35610304216,0.33902576054,1.6951288027,0.0598596759095804,0.018284905179615698
