Experiment,Metric,Compute Time (s),Energy (J),Accuracy Loss (%)
2,Performance,0.11086025062656647,0.0008604060000000005,52.061403965290204
2,Energy,0.12153208576998058,0.0008475073000000005,52.061403965290204
2,Accuracy,0.19825750097465888,0.0009574591000000004,0.24902188939127945
4,Performance,0.1143737387914231,0.0009812656000000002,51.507376024808636
4,Energy,0.14842580757449172,0.0008499110000000006,52.506665797027864
4,Accuracy,0.16407423920913386,0.0009835245000000001,0.24915617250347186
5,Performance,0.11333370314675584,0.0008538921000000003,52.641933088538394
5,Energy,0.13044164188248403,0.0008211059000000006,52.641933088538394
5,Accuracy,0.22918942216652738,0.0009458834000000004,0.25048742637150334
6,Performance,0.11635526817042614,0.0008781132000000004,52.48715683838037
6,Energy,0.12154025396825403,0.0008239890000000003,51.90643142160841
6,Accuracy,0.17822404037872455,0.0009955365,0.14520853376466192
8,Performance,0.11405375828460045,0.0008339841000000003,9.578454298722647
8,Energy,0.11873149122807024,0.0008321765000000003,9.578454298722647
8,Accuracy,0.24692697020328597,0.0009946885000000003,0.12854281664874456
10,Performance,0.10992277109440274,0.0008460531000000004,51.46650618849982
10,Energy,0.11307363046505159,0.0008276784000000006,51.46650618849982
10,Accuracy,0.21036775410749095,0.0009993184000000005,0.12062282165210272
11,Performance,0.11968163241436931,0.0009173999000000003,3.5207337426740666
11,Energy,0.1828127137287663,0.0008902961000000005,3.2686283185205083
11,Accuracy,0.21589263436368694,0.000988661,0.1210703506786557
12,Performance,0.11288568866610978,0.0008743861000000005,51.33280557688081
12,Energy,0.12027834725703151,0.0008522803000000004,51.33280557688081
12,Accuracy,0.16666425536062368,0.0009870837000000002,0.24886900794536782
14,Performance,0.1155219997215261,0.0009477944000000004,3.790919421527388
14,Energy,0.12010473600668344,0.0008747770000000002,3.790919421527388
14,Accuracy,0.23184238624338624,0.0010334697,0.0684933435977045
16,Performance,0.1123525847953217,0.0008636660000000003,51.59095785589362
16,Energy,0.1360019203564467,0.0008341763000000004,51.62335196788162
16,Accuracy,0.13499726204399887,0.0009599314000000003,0.3411829888600265
17,Performance,0.10805677554998615,0.0008468477000000003,9.807904090375699
17,Energy,0.11969894708994716,0.0008308556000000003,9.804774907370469
17,Accuracy,0.16203935811751594,0.0009421850000000001,0.34976389318143286
18,Performance,0.11055536953494854,0.0008209038000000005,51.458217597584905
18,Energy,0.11162596101364529,0.0008153994000000006,51.458217597584905
18,Accuracy,0.19050456363130036,0.0009369433000000004,0.3873302296320971
19,Performance,0.10803384015594548,0.0008480885000000003,35.79848775013389
19,Energy,0.11038681425786695,0.0008367655000000003,35.79848775013389
19,Accuracy,0.1672176307435254,0.0009777066999999999,0.1265025302119742
20,Performance,0.11291842996379846,0.0008394613000000004,51.867578393481324
20,Energy,0.11702846644388756,0.0008161625000000003,51.867578393481324
20,Accuracy,0.14303719855193536,0.0010179421999999998,0.12125982981227437
21,Performance,0.10942701587301594,0.0008680842000000005,9.499015354464785
21,Energy,0.11805296519075473,0.0008553544000000006,35.72342120205654
21,Accuracy,0.12232513060428857,0.0009522246000000004,0.7900925351605135
22,Performance,0.1154546059593429,0.0011441554000000001,51.19829016104974
22,Energy,0.1803733556112503,0.0008810727000000005,51.296846728106516
22,Accuracy,0.14492840907825116,0.0011238804000000002,0.6459913242905583
23,Performance,0.10606949094959625,0.0008373060000000003,51.88312229782496
23,Energy,0.11327346115288225,0.0008106924000000003,51.820591457255176
23,Accuracy,0.17999509913673065,0.0009142669000000003,0.815604120521587
24,Performance,0.10802053829016994,0.0008524257000000004,51.391000949337155
24,Energy,0.11901935728209419,0.0008264393000000004,51.17863249646147
24,Accuracy,0.2808314876079086,0.0009631769000000002,0.14262334573798835
2,Performance,0.08265401812865501,0.03542315062656643,0.11807716875522145,1.35598180624,0.33899545156,1.6949772577999997,3.7775425040777857,0.011807716875522145
2,Energy,0.08810914054580898,0.03776106023391814,0.12587020077972713,1.35596744416,0.33899186104,1.6949593051999998,3.7775425040777857,0.012587020077972714
2,Accuracy,0.1637088779727095,0.07016094770258978,0.2338698256752993,1.3561139000000002,0.33902847500000005,1.695142375,0.06044410753568126,0.02338698256752993
4,Performance,0.08248540077972713,0.03535088604845448,0.11783628682818162,1.35604466368,0.33901116592,1.6950558296,3.254130616636253,0.011783628682818162
4,Energy,0.09736850682261204,0.04172936006683373,0.13909786688944578,1.3559889179200002,0.33899722948000005,1.6949861474,3.722242213460958,0.013909786688944579
4,Accuracy,0.1698350391812865,0.0727864453634085,0.24262148454469504,1.3561011268800003,0.33902528172000007,1.6951264086000002,0.06865774281474894,0.024262148454469504
5,Performance,0.08257820643274857,0.03539065989974939,0.11796886633249797,1.35605000896,0.33901250224,1.6950625112,3.804232338412405,0.011796886633249798
5,Energy,0.12580926257309935,0.053918255388471156,0.17972751796157052,1.35597460296,0.33899365074,1.6949682537,3.750650663560886,0.017972751796157052
5,Accuracy,0.09582660487329432,0.04106854494569757,0.1368951498189919,1.3560629318399997,0.3390157329599999,1.6950786647999996,0.12229940724653497,0.01368951498189919
6,Performance,0.08187373528265111,0.03508874369256476,0.11696247897521587,1.35598520976,0.33899630244,1.6949815122,3.766297794443882,0.011696247897521588
6,Energy,0.10259106725146193,0.04396760025062654,0.14655866750208849,1.35597301656,0.33899325414,1.6949662706999997,3.799506486002509,0.01465586675020885
6,Accuracy,0.18328679415204668,0.07855148320802001,0.2618382773600667,1.3560553554399997,0.3390138388599999,1.6950691942999994,0.12214589026185733,0.026183827736006672
8,Performance,0.08173101910331389,0.035027579615705955,0.11675859871901985,1.35597247848,0.33899311962,1.6949655980999998,3.788599541795341,0.011675859871901985
8,Energy,0.08174351539961018,0.035032935171261506,0.1167764505708717,1.35597028056,0.33899257014,1.6949628506999999,3.788599541795341,0.01167764505708717
8,Accuracy,0.11163452105263152,0.04784336616541351,0.15947788721804504,1.3561780791999998,0.33904451979999994,1.6952225989999996,0.11470325033081057,0.015947788721804506
10,Performance,0.07995789668615988,0.034267670008354234,0.11422556669451411,1.3559880519999998,0.33899701299999996,1.6949850649999998,3.734377098110145,0.011422556669451411
10,Energy,0.08275421520467839,0.03546609223057646,0.11822030743525486,1.3559729811999999,0.33899324529999997,1.6949662264999998,3.7362594604215333,0.011822030743525487
10,Accuracy,0.10566946608187129,0.0452869140350877,0.150956380116959,1.3560927460799996,0.3390231865199999,1.6951159325999994,0.11380820258080264,0.015095638011695901
11,Performance,0.07924404600389867,0.03396173400167086,0.11320578000556954,1.3559742938400001,0.33899357346000003,1.6949678673,3.751930215768796,0.011320578000556955
11,Energy,0.08222450857699809,0.03523907510442775,0.11746358368142584,1.3559704580799998,0.33899261451999996,1.6949630725999998,3.751930215768796,0.011746358368142584
11,Accuracy,0.12491488947368412,0.05353495263157891,0.17844984210526305,1.3561016648,0.3390254162,1.6951270809999999,0.06817698712762423,0.017844984210526306
12,Performance,0.08416706549707605,0.03607159949874688,0.12023866499582293,1.3560782911999998,0.33901957279999995,1.6950978639999996,3.495555101943199,0.012023866499582293
12,Energy,0.10728265886939575,0.04597828237259818,0.15326094124199394,1.3560136776,0.3390034194,1.695017097,3.2649806539153565,0.015326094124199394
12,Accuracy,0.16752992923976606,0.07179854110275688,0.23932847034252294,1.35611748296,0.33902937074,1.6951468536999998,0.06796025267083236,0.023932847034252296
14,Performance,0.0860549742690059,0.03688070325814539,0.12293567752715129,1.3559971320799997,0.33899928301999993,1.6949964150999997,3.7969842148000605,0.01229356775271513
14,Energy,0.08839205146198834,0.03788230776942358,0.12627435923141192,1.3559960334399996,0.3389990083599999,1.6949950417999995,3.7969842148000605,0.012627435923141193
14,Accuracy,0.1041989604288499,0.04465669732664996,0.14885565775549986,1.3562006028,0.3390501507,1.6952507534999999,0.0684933435977045,0.014885565775549987
16,Performance,0.07941285224171543,0.03403407953216376,0.1134469317738792,1.3559989260799998,0.33899973151999996,1.6949986575999996,3.757007148536572,0.01134469317738792
16,Energy,0.0809100368421053,0.03467573007518799,0.1155857669172933,1.35596589528,0.33899147382,1.6949573691,3.757007148536572,0.011558576691729331
16,Accuracy,0.11314688810916175,0.04849152347535504,0.1616384115845168,1.3560745771199998,0.33901864427999995,1.6950932213999996,0.12124283332297482,0.01616384115845168
17,Performance,0.08398845516569203,0.03599505221386801,0.11998350737956005,1.35599698192,0.33899924548,1.6949962273999999,3.863604609457391,0.011998350737956007
17,Energy,0.09938700311890837,0.04259442990810359,0.14198143302701197,1.35597715312,0.33899428828,1.6949714414,3.86035447651488,0.014198143302701197
17,Accuracy,0.16263823840155942,0.0697021021720969,0.23234034057365632,1.3561001388000005,0.3390250347000001,1.6951251735000004,0.10106723444088148,0.023234034057365634
18,Performance,0.08537818693957117,0.036590651545530505,0.12196883848510168,1.35609801768,0.33902450442,1.6951225220999997,3.7337756832020714,0.012196883848510169
18,Energy,0.0956559438596491,0.040995404511278186,0.1366513483709273,1.3559931176799997,0.33899827941999994,1.6949913970999997,3.718689720845699,0.01366513483709273
18,Accuracy,0.11965241325536057,0.05127960568086882,0.1709320189362294,1.3560706174399995,0.33901765435999986,1.6950882717999993,0.12213493621578957,0.01709320189362294
19,Performance,0.08426458245614041,0.03611339248120303,0.12037797493734344,1.3559787052,0.3389946763,1.6949733815,3.758252189236281,0.012037797493734344
19,Energy,0.08587472358674468,0.036803452965747725,0.12267817655249241,1.3559714191200003,0.3389928547800001,1.6949642739000002,3.764588619736292,0.012267817655249242
19,Accuracy,0.12526371345029236,0.053684448621553874,0.17894816207184625,1.3561021563199998,0.33902553907999994,1.6951276953999996,0.06824581095091986,0.017894816207184625
20,Performance,0.08277777914230024,0.03547619106098582,0.11825397020328605,1.35604318592,0.33901079648,1.6950539824,3.7190716770761947,0.011825397020328606
20,Energy,0.10321311715399606,0.044234193065998316,0.14744731021999438,1.35598093328,0.33899523332,1.6949761665999998,3.265779094574389,0.01474473102199944
20,Accuracy,0.13387969999999993,0.05737701428571426,0.19125671428571422,1.3560610111999998,0.33901525279999994,1.6950762639999997,0.12125982981227437,0.019125671428571425
21,Performance,0.08189467153996106,0.035097716374269027,0.1169923879142301,1.35599783784,0.33899945946,1.6949972972999998,3.718323124256548,0.011699238791423011
21,Energy,0.09892961715399606,0.042398407351712596,0.14132802450570867,1.35597229664,0.33899307416,1.6949653707999999,3.75048412773972,0.014132802450570867
21,Accuracy,0.15979360545808963,0.0684829737677527,0.22827657922584232,1.3560951038400002,0.33902377596000005,1.6951188798,0.11267645831080447,0.022827657922584232
22,Performance,0.08028011988304098,0.03440576566416042,0.11468588554720141,1.35598489544,0.33899622386,1.6949811193,3.7031828241307587,0.011468588554720141
22,Energy,0.08245235867446399,0.03533672514619885,0.11778908382066285,1.3559618740800001,0.33899046852000003,1.6949523426,3.7179062478111327,0.011778908382066286
22,Accuracy,0.15379472690058474,0.06591202581453633,0.21970675271512108,1.35605271856,0.33901317964,1.6950658981999998,0.12007807718803809,0.02197067527151211
23,Performance,0.08610272690058482,0.03690116867167921,0.12300389557226404,1.35603033352,0.33900758338,1.6950379168999998,1.3822367881676145,0.012300389557226406
23,Energy,0.088062362962963,0.037741012698412714,0.12580337566137573,1.35598150608,0.33899537652,1.6949768826,3.7448771017922606,0.012580337566137573
23,Accuracy,0.1215966785575048,0.05211286223893063,0.17370954079643544,1.35606645592,0.33901661398,1.6950830699,0.12173634265024881,0.017370954079643546
24,Performance,0.08108136081871348,0.03474915463659149,0.11583051545530498,1.35600852576,0.33900213144,1.6950106571999999,3.727603451364346,0.0115830515455305
24,Energy,0.08170960350877196,0.035018401503759414,0.11672800501253137,1.3559692286400002,0.33899230716000006,1.6949615358,3.7134891653105293,0.011672800501253138
24,Accuracy,0.10785067251461984,0.04622171679197993,0.15407238930659978,1.35614332208,0.33903583052,1.6951791526,0.06053707134887611,0.015407238930659978
